{
  "$schema": "https://raw.githubusercontent.com/JanDeDobbeleer/oh-my-posh/main/themes/schema.json",
  "blocks": [
    {
      "alignment": "left",
      "segments": [
        {
          "background": "#546E7A",
          "foreground": "#26C6DA",
          "leading_diamond": "\ue0c5",
          "properties": {
            "macos": "mac"
          },
          "style": "diamond",
          "template": " {{ if .WSL }}WSL at {{ end }}{{.Icon}} \ue0b1",
          "trailing_diamond": "\ue0b0",
          "type": "os"
        },
        {
          "background": "#546E7A",
          "foreground": "#26C6DA",
          "powerline_symbol": "\ue0b0",
          "style": "powerline",
          "template": " {{ .UserName }}@{{ .HostName }} ",
          "type": "session"
        },
        {
          "background": "#a2beef",
          "background_templates": [
            "{{if eq \"Charging\" .State.String}}#00D100{{end}}",
            "{{if eq \"Discharging\" .State.String}}#FFCD58{{end}}",
            "{{if eq \"Full\" .State.String}}#0476d0{{end}}"
          ],
          "foreground": "#193549",
          "powerline_symbol": "\ue0b0",
          "style": "powerline",
          "template": " {{ if not .Error }}{{ .Icon }}{{ .Percentage }}{{ end }}{{ .Error }}\uf295 \ueb2d ",
          "type": "battery"
        },
        {
          "background": "#14c2dd",
          "foreground": "#193549",
          "powerline_symbol": "\ue0b0",
          "properties": {
            "style": "folder"
          },
          "style": "powerline",
          "template": " \ue5ff {{ .Path }} ",
          "type": "path"
        },
        {
          "background": "#a2c4e0",
          "foreground": "#193549",
          "powerline_symbol": "\ue0b0",
          "properties": {
            "fetch_stash_count": true,
            "fetch_upstream_icon": true
          },
          "style": "powerline",
          "template": " {{ .UpstreamIcon }}{{ .HEAD }}{{ if gt .StashCount 0 }} \ueb4b {{ .StashCount }}{{ end }} ",
          "type": "git"
        },
        {
          "background": "#6CA35E",
          "foreground": "#ffffff",
          "powerline_symbol": "\ue0b0",
          "style": "powerline",
          "template": " \ue718 {{ if .PackageManagerIcon }}{{ .PackageManagerIcon }} {{ end }}{{ .Full }} ",
          "type": "node"
        },
        {
          "background": "#ffff66",
          "foreground": "#193549",
          "powerline_symbol": "\ue0b0",
          "style": "powerline",
          "template": " \uf0e7 ",
          "type": "root"
        },
        {
          "background": "#0077c2",
          "foreground": "#ffffff",
          "powerline_symbol": "\ue0b0",
          "style": "powerline",
          "template": " \uf308 {{.Context}} :: {{if .Namespace}}{{.Namespace}}{{else}}default{{end}} ",
          "type": "kubectl"
        },
        {
          "background": "#007800",
          "background_templates": [
            "{{ if gt .Code 0 }}#f1184c{{ end }}"
          ],
          "foreground": "#ffffff",
          "leading_diamond": "<transparent,background>\ue0b0</>",
          "properties": {
            "always_enabled": true
          },
          "style": "diamond",
          "template": " \uea6c ",
          "trailing_diamond": "\ue0b0",
          "type": "exit"
        }
      ],
      "type": "prompt"
    },
    {
      "alignment": "left",
      "newline": true,
      "segments": [
        {
          "foreground": "#007ACC",
          "style": "plain",
          "template": "\u279c ",
          "type": "text"
        }
      ],
      "type": "prompt"
    }
  ],
  "final_space": true,
  "version": 2
}
