{
  "$schema": "https://raw.githubusercontent.com/JanDeDobbeleer/oh-my-posh/main/themes/schema.json",
  "blocks": [
    {
      "alignment": "left",
      "segments": [
        {
          "background": "#3A86FF",
          "foreground": "#ffffff",
          "leading_diamond": "\ue0b6",
          "style": "diamond",
          "template": " {{ if .WSL }}WSL at {{ end }}{{.Icon}} ",
          "type": "os"
        },
        {
          "background": "#3A86FF",
          "foreground": "#ffffff",
          "style": "powerline",
          "template": " {{ .UserName }}@{{ .HostName }} ",
          "type": "session"
        },
        {
          "background": "#ff479c",
          "foreground": "#ffffff",
          "powerline_symbol": "\ue0b0",
          "properties": {
            "style": "full"
          },
          "style": "powerline",
          "template": " \ue5ff {{ .Path }} ",
          "type": "path"
        },
        {
          "background": "#4caf50",
          "foreground": "#193549",
          "powerline_symbol": "\ue0b0",
          "properties": {
            "time_format": "2006-01-02 15:04:05"
          },
          "style": "powerline",
          "template": " {{ .CurrentDate | date .Format }} ",
          "type": "time"
        },
        {
          "background": "#fffb38",
          "foreground": "#193549",
          "powerline_symbol": "\ue0b0",
          "properties": {
            "fetch_stash_count": true,
            "fetch_upstream_icon": true
          },
          "style": "powerline",
          "template": " {{ .UpstreamIcon }}{{ .HEAD }}{{ if gt .StashCount 0 }} \ueb4b {{ .StashCount }}{{ end }} ",
          "type": "git"
        },
        {
          "background": "#6CA35E",
          "foreground": "#ffffff",
          "powerline_symbol": "\ue0b0",
          "style": "powerline",
          "template": " \ue718 {{ if .PackageManagerIcon }}{{ .PackageManagerIcon }} {{ end }}{{ .Full }} ",
          "type": "node"
        },
        {
          "background": "#ffff66",
          "foreground": "#193549",
          "powerline_symbol": "\ue0b0",
          "style": "powerline",
          "template": " \uf0e7 ",
          "type": "root"
        },
        {
          "background": "#2e9599",
          "background_templates": [
            "{{ if gt .Code 0 }}#f1184c{{ end }}"
          ],
          "foreground": "#ffffff",
          "leading_diamond": "<transparent,background>\ue0b0</>",
          "properties": {
            "always_enabled": true
          },
          "style": "diamond",
          "template": " \ueb05 ",
          "trailing_diamond": "\ue0b4",
          "type": "exit"
        }
      ],
      "type": "prompt"
    },
    {
      "alignment": "left",
      "newline": true,
      "segments": [
        {
          "foreground": "#f1184c",
          "style": "plain",
          "template": "\uf0a9 ",
          "type": "text"
        }
      ],
      "type": "prompt"
    }
  ],
  "final_space": true,
  "version": 2
}
