{
  "$schema": "https://raw.githubusercontent.com/JanDeDobbeleer/oh-my-posh/main/themes/schema.json",
  "blocks": [
    {
      "alignment": "left",
      "segments": [
        {
          "background": "#c386f1",
          "foreground": "#ffffff",
          "leading_diamond": "\ue0b6",
          "style": "diamond",
          "template": " {{ .UserName }} ",
          "trailing_diamond": "\ue0b0",
          "type": "session"
        },
        {
          "background": "#ff479c",
          "foreground": "#ffffff",
          "powerline_symbol": "\ue0b0",
          "properties": {
            "folder_separator_icon": " \ue0b1 ",
            "home_icon": "~",
            "style": "folder"
          },
          "style": "powerline",
          "template": " \uea83  {{ .Path }} ",
          "type": "path"
        },
        {
          "background": "#fffb38",
          "background_templates": [
            "{{ if or (.Working.Changed) (.Staging.Changed) }}#FF9248{{ end }}",
            "{{ if and (gt .Ahead 0) (gt .Behind 0) }}#ff4500{{ end }}",
            "{{ if gt .Ahead 0 }}#B388FF{{ end }}",
            "{{ if gt .Behind 0 }}#B388FF{{ end }}"
          ],
          "foreground": "#193549",
          "powerline_symbol": "\ue0b0",
          "properties": {
            "branch_max_length": 25,
            "fetch_stash_count": true,
            "fetch_status": true,
            "fetch_upstream_icon": true
          },
          "style": "powerline",
          "template": " {{ .UpstreamIcon }}{{ .HEAD }}{{if .BranchStatus }} {{ .BranchStatus }}{{ end }}{{ if .Working.Changed }} \uf044 {{ .Working.String }}{{ end }}{{ if and (.Working.Changed) (.Staging.Changed) }} |{{ end }}{{ if .Staging.Changed }} \uf046 {{ .Staging.String }}{{ end }}{{ if gt .StashCount 0 }} \ueb4b {{ .StashCount }}{{ end }} ",
          "type": "git"
        },
        {
          "background": "#83769c",
          "foreground": "#ffffff",
          "properties": {
            "always_enabled": true
          },
          "style": "plain",
          "template": "<transparent>\ue0b0</> \ueba2{{ .FormattedMs }}\u2800",
          "type": "executiontime"
        },
        {
          "background": "#000000",
          "background_templates": [
            "{{ if gt .Hours 100 }}#dc3545{{ end }}",
            "{{ if and (lt .Hours 100) (gt .Hours 50) }}#ffc107{{ end }}",
            "{{ if lt .Hours 50 }}#28a745{{ end }}"
          ],
          "foreground": "#ffffff",
          "foreground_templates": [
            "{{ if gt .Hours 100 }}#FFFFFF{{ end }}",
            "{{ if and (lt .Hours 100) (gt .Hours 50) }}#343a40{{ end }}",
            "{{ if lt .Hours 50 }}#FFFFFF{{ end }}"
          ],
          "properties": {
            "access_token": "0ccbd2ac1e37a5b84101468df3d367177fe02ab3",
            "http_timeout": 1500,
            "refresh_token": "111111111111111111111111111111"
          },
          "style": "powerline",
          "template": " {{.Name}} {{.Ago}} {{.Icon}} ",
          "type": "strava"
        },
        {
          "background": "#00897b",
          "background_templates": [
            "{{ if gt .Code 0 }}#e91e63{{ end }}"
          ],
          "foreground": "#ffffff",
          "properties": {
            "always_enabled": true
          },
          "style": "diamond",
          "template": "<parentBackground>\ue0b0</> \ue23a ",
          "trailing_diamond": "\ue0b4",
          "type": "exit"
        }
      ],
      "type": "prompt"
    }
  ],
  "console_title_template": "{{ .Shell }} in {{ .Folder }}",
  "final_space": true,
  "version": 2
}
