{
  "$schema": "https://raw.githubusercontent.com/JanDeDobbeleer/oh-my-posh/main/themes/schema.json",
  "blocks": [
    {
      "alignment": "left",
      "segments": [
        {
          "foreground": "cyan",
          "style": "powerline",
          "template": "{{ if .WSL }}WSL at {{ end }}{{.Icon}}",
          "type": "os"
        },
        {
          "foreground": "cyan",
          "properties": {
            "style": "full"
          },
          "style": "plain",
          "template": " {{ .Path }} ",
          "type": "path"
        },
        {
          "foreground": "#F1502F",
          "properties": {
            "fetch_status": true
          },
          "style": "plain",
          "template": ":: {{ .HEAD }}{{if .BranchStatus }} {{ .BranchStatus }}{{ end }}{{ if .Staging.Changed }} \uf046 {{ .Staging.String }}{{ end }}{{ if and (.Working.Changed) (.Staging.Changed) }} |{{ end }}{{ if .Working.Changed }} \uf044 {{ .Working.String }}{{ end }} ",
          "type": "git"
        }
      ],
      "type": "prompt"
    },
    {
      "alignment": "right",
      "segments": [
        {
          "foreground": "red",
          "style": "plain",
          "template": "| root ",
          "type": "root"
        },
        {
          "foreground": "#06A4CE",
          "style": "powerline",
          "template": "| \ue798 {{ if .Error }}{{ .Error }}{{ else }}{{ .Full }}{{ end }} ",
          "type": "dart"
        },
        {
          "foreground": "#6CA35E",
          "style": "powerline",
          "template": "| \ue718 {{ if .PackageManagerIcon }}{{ .PackageManagerIcon }} {{ end }}{{ .Full }} ",
          "type": "node"
        },
        {
          "foreground": "#4584b6",
          "properties": {
            "display_mode": "context",
            "fetch_virtual_env": true
          },
          "style": "plain",
          "template": "| \ue235 {{ .Venv }} ",
          "type": "python"
        },
        {
          "foreground_templates": [
            "{{if eq \"Charging\" .State.String}}#4caf50{{end}}",
            "{{if eq \"Discharging\" .State.String}}#40c4ff{{end}}",
            "{{if eq \"Full\" .State.String}}#ff0000{{end}}"
          ],
          "invert_powerline": true,
          "properties": {
            "charged_icon": "\uf00d ",
            "charging_icon": "\ue234 "
          },
          "style": "powerline",
          "template": "| {{ if not .Error }}{{ .Icon }}{{ .Percentage }}{{ end }}{{ .Error }} \uf295 ",
          "type": "battery"
        },
        {
          "foreground": "lightGreen",
          "style": "plain",
          "template": "| {{ .CurrentDate | date .Format }} ",
          "type": "time"
        }
      ],
      "type": "prompt"
    },
    {
      "alignment": "left",
      "newline": true,
      "segments": [
        {
          "foreground": "lightGreen",
          "foreground_templates": [
            "{{ if gt .Code 0 }}red{{ end }}"
          ],
          "properties": {
            "always_enabled": true
          },
          "style": "powerline",
          "template": "\u279c ",
          "type": "exit"
        }
      ],
      "type": "prompt"
    }
  ],
  "version": 2
}
