{
  "$schema": "https://raw.githubusercontent.com/JanDeDobbeleer/oh-my-posh/main/themes/schema.json",
  "console_title_template": "{{if .Segments.Git.RepoName}} {{.Segments.Git.RepoName}} {{else}} {{.Folder}} {{end}}",
  "blocks": [
    {
      "type": "prompt",
      "alignment": "left",
      "newline": true,
      "segments": [
        {
          "type": "session",
          "foreground": "#757575",
          "properties": {
            "display_host": true
          },
          "style": "plain",
          "template": "\u250c {{ if .SSHSession }}\ueba9 {{ end }}{{ .UserName }}@{{ .HostName }} "
        },
        {
          "type": "path",
          "background": "#91ddff",
          "foreground": "#100e23",
          "powerline_symbol": "\ue0b0",
          "properties": {
            "style": "agnoster_full"
          },
          "style": "powerline",
          "template": " {{ .Path }} "
        },
        {
          "type": "git",
          "style": "powerline",
          "powerline_symbol": "\ue0b0",
          "foreground": "#100e23",
          "background": "#95ffa4",
          "background_templates": [
            "{{ if or (.Working.Changed) (.Staging.Changed) }}#ff9248{{ end }}",
            "{{ if and (gt .Ahead 0) (gt .Behind 0) }}#f26d50{{ end }}",
            "{{ if gt .Ahead 0 }}#89d1dc{{ end }}",
            "{{ if gt .Behind 0 }}#c5b6ad{{ end }}"
          ],
          "template": " {{ .HEAD }}{{if .BranchStatus }} {{ .BranchStatus }}{{ end }}{{ if .Working.Changed }} {{ .Working.String }}{{ end }}{{ if and (.Working.Changed) (.Staging.Changed) }} \u2502{{ end }}{{ if .Staging.Changed }} {{ .Staging.String }}{{ end }}{{ if gt .StashCount 0 }} {{ .StashCount }}{{ end }} ",
          "properties": {
            "branch_ahead_icon": "\u2191",
            "branch_behind_icon": "\u2193",
            "branch_gone": "\u2262",
            "branch_icon": "\ue0a0 ",
            "branch_identical_icon": "\u2261",
            "cherry_pick_icon": "\u2713 ",
            "commit_icon": "\u25b7 ",
            "fetch_stash_count": true,
            "fetch_status": true,
            "merge_icon": "\u25f4 ",
            "no_commits_icon": "[no commits]",
            "rebase_icon": "\u2c62 ",
            "tag_icon": "\u25b6 ",
            "untracked_modes": {
              "/Users/user/Projects/oh-my-posh/": "no"
            }
          }
        },
        {
          "type": "terraform",
          "background": "#ffee58",
          "foreground": "#100e23",
          "powerline_symbol": "\ue0b0",
          "style": "powerline",
          "template": " {{ .WorkspaceName }}{{ if .Version }} {{ .Version }}{{ end }} "
        },
        {
          "type": "exit",
          "background": "#ff8080",
          "foreground": "#ffffff",
          "powerline_symbol": "\ue0b0",
          "style": "powerline",
          "template": " {{ if gt .Code 0 }}error{{ else }}\uf42e{{ end }} "
        },
        {
          "type": "time",
          "foreground": "#689f38",
          "properties": {
            "time_format": "15:04:05"
          },
          "style": "plain",
          "template": " <#757575,>|</> {{ .CurrentDate | date .Format }}"
        }
      ]
    },
    {
      "type": "prompt",
      "alignment": "left",
      "newline": true,
      "segments": [
        {
          "type": "text",
          "foreground": "#757575",
          "style": "plain",
          "template": "\u2514"
        },
        {
          "type": "text",
          "foreground": "#ffffff",
          "style": "plain",
          "template": "$"
        }
      ]
    }
  ],
  "final_space": true,
  "version": 2
}
